{
  "Writing Key / Suggest List" : {
    "transaction" : "Writing Key / Suggest List",
    "sampleCount" : 8,
    "errorCount" : 5,
    "errorPct" : 62.5,
    "meanResTime" : 397.0,
    "medianResTime" : 322.0,
    "minResTime" : 175.0,
    "maxResTime" : 951.0,
    "pct1ResTime" : 951.0,
    "pct2ResTime" : 951.0,
    "pct3ResTime" : 951.0,
    "throughput" : 0.15131168315333546,
    "receivedKBytesPerSec" : 0.24168864429460385,
    "sentKBytesPerSec" : 0.0820836328043729
  },
  "Total" : {
    "transaction" : "Total",
    "sampleCount" : 32,
    "errorCount" : 6,
    "errorPct" : 18.75,
    "meanResTime" : 488.18749999999994,
    "medianResTime" : 338.0,
    "minResTime" : 96.0,
    "maxResTime" : 2414.0,
    "pct1ResTime" : 1001.4,
    "pct2ResTime" : 2373.7,
    "pct3ResTime" : 2414.0,
    "throughput" : 0.5239717055279015,
    "receivedKBytesPerSec" : 6.099853835431949,
    "sentKBytesPerSec" : 0.3281219298532879
  },
  "Search" : {
    "transaction" : "Search",
    "sampleCount" : 8,
    "errorCount" : 0,
    "errorPct" : 0.0,
    "meanResTime" : 415.87500000000006,
    "medianResTime" : 353.5,
    "minResTime" : 104.0,
    "maxResTime" : 1023.0,
    "pct1ResTime" : 1023.0,
    "pct2ResTime" : 1023.0,
    "pct3ResTime" : 1023.0,
    "throughput" : 0.15075850372185054,
    "receivedKBytesPerSec" : 2.4361705573353434,
    "sentKBytesPerSec" : 0.09934013709601433
  },
  "Key Result List" : {
    "transaction" : "Key Result List",
    "sampleCount" : 8,
    "errorCount" : 0,
    "errorPct" : 0.0,
    "meanResTime" : 679.8749999999999,
    "medianResTime" : 478.0,
    "minResTime" : 154.0,
    "maxResTime" : 2352.0,
    "pct1ResTime" : 2352.0,
    "pct2ResTime" : 2352.0,
    "pct3ResTime" : 2352.0,
    "throughput" : 0.149854828135244,
    "receivedKBytesPerSec" : 0.8315003921981831,
    "sentKBytesPerSec" : 0.10489106256439075
  },
  "Home Page" : {
    "transaction" : "Home Page",
    "sampleCount" : 8,
    "errorCount" : 1,
    "errorPct" : 12.5,
    "meanResTime" : 460.0,
    "medianResTime" : 100.5,
    "minResTime" : 96.0,
    "maxResTime" : 2414.0,
    "pct1ResTime" : 2414.0,
    "pct2ResTime" : 2414.0,
    "pct3ResTime" : 2414.0,
    "throughput" : 0.14721849064242468,
    "receivedKBytesPerSec" : 3.4244293270734802,
    "sentKBytesPerSec" : 0.08884865939161958
  }
}